# 格式化数据库，防止主键冲突
delete from office_department where 1 = 1;
delete from office_user where 1 = 1;
delete from office_affair where 1 = 1;
delete from menu where 1 = 1;
delete from role where 1 = 1;
delete from role_menu where 1 = 1;
delete from office_bulletin where 1 = 1;
delete from user_role where 1 = 1;

# 初始化数据库

# 初始化部门数据
insert into office_department
values
       ('9a47cda467f540b3b974aab20ed26e5d','人事部','管理人员调动',5,'1315356783'),
       ('482bade3f42e4468baace8f97e0f6855','策划部','负责项目策划',5,'1315356783'),
       ('910e3730f2d040d1bc1c644b72de8422','营销部','负责市场营销',5,'1315356783'),
       ('8c857e0ab9dc40508ed71e3cd18efbf2','研发部','负责技术开发',5,'1315356783'),
       ('debdeda133ca4cdbb9ed3034ee314e32','调研部','负责市场调研',5,'1315356783');

# 初始化用户信息
# 一个部门3个员工，共计15条数据
insert into office_user
values
    ('bb2e34c446074ca1908f5e06ba2db27a','宰腰呈','827ccb0eea8a706c4c34a16891f84e7b','https://office-yezi.oss-cn-beijing.aliyuncs.com/avator/avatar.jpg','afdewf',1,'河南省郑州市','294187139','19384721458','294187139@qq.com','9a47cda467f540b3b974aab20ed26e5d','2020-12-30 11:11:11'),
    ('c2591a8bd8fe4001a34fcc8e9f8bf336','羿烧陕','827ccb0eea8a706c4c34a16891f84e7b','https://office-yezi.oss-cn-beijing.aliyuncs.com/avator/avatar.jpg','afdewf',1,'河南省郑州市','294187139','19384721458','294187139@qq.com','9a47cda467f540b3b974aab20ed26e5d','2020-12-30 11:11:11'),
    ('6f5570153a3944ecaa90506f2a90c4ea','马处集','827ccb0eea8a706c4c34a16891f84e7b','https://office-yezi.oss-cn-beijing.aliyuncs.com/avator/avatar.jpg','afdewf',1,'河南省郑州市','294187139','19384721458','294187139@qq.com','9a47cda467f540b3b974aab20ed26e5d','2020-12-30 11:11:11'),
    ('41b69629a6294077a71150d1a2912de3','盖撒汽','827ccb0eea8a706c4c34a16891f84e7b','https://office-yezi.oss-cn-beijing.aliyuncs.com/avator/avatar.jpg','afdewf',1,'河南省郑州市','294187139','19384721458','294187139@qq.com','482bade3f42e4468baace8f97e0f6855','2020-12-30 11:11:11'),
    ('4ad501ed57c24fe9aa4afe996fbe3813','萧鸟缠','827ccb0eea8a706c4c34a16891f84e7b','https://office-yezi.oss-cn-beijing.aliyuncs.com/avator/avatar.jpg','afdewf',1,'河南省郑州市','294187139','19384721458','294187139@qq.com','482bade3f42e4468baace8f97e0f6855','2020-12-30 11:11:11'),
    ('755349e23e2a4c2f9d91198a8a29c193','郗到生','827ccb0eea8a706c4c34a16891f84e7b','https://office-yezi.oss-cn-beijing.aliyuncs.com/avator/avatar.jpg','afdewf',1,'河南省郑州市','294187139','19384721458','294187139@qq.com','482bade3f42e4468baace8f97e0f6855','2020-12-30 11:11:11'),
    ('884efda0fafa4bb8831cfcebea30bb13','薄进阁','827ccb0eea8a706c4c34a16891f84e7b','https://office-yezi.oss-cn-beijing.aliyuncs.com/avator/avatar.jpg','afdewf',1,'河南省郑州市','294187139','19384721458','294187139@qq.com','910e3730f2d040d1bc1c644b72de8422','2020-12-30 11:11:11'),
    ('65bbfd96d3bc41eaa9d438252edb2b15','臧叔揉','827ccb0eea8a706c4c34a16891f84e7b','https://office-yezi.oss-cn-beijing.aliyuncs.com/avator/avatar.jpg','afdewf',1,'河南省郑州市','294187139','19384721458','294187139@qq.com','910e3730f2d040d1bc1c644b72de8422','2020-12-30 11:11:11'),
    ('d5e13822383a408d8625f42c3dfdfecc','满佳耗','827ccb0eea8a706c4c34a16891f84e7b','https://office-yezi.oss-cn-beijing.aliyuncs.com/avator/avatar.jpg','afdewf',1,'河南省郑州市','294187139','19384721458','294187139@qq.com','910e3730f2d040d1bc1c644b72de8422','2020-12-30 11:11:11'),
    ('19c00a33200649a7bba7369e4382a574','印晓智','827ccb0eea8a706c4c34a16891f84e7b','https://office-yezi.oss-cn-beijing.aliyuncs.com/avator/avatar.jpg','afdewf',1,'河南省郑州市','294187139','19384721458','294187139@qq.com','8c857e0ab9dc40508ed71e3cd18efbf2','2020-12-30 11:11:11'),
    ('0cc70bb29e0541a7a2a261404e7adec5','全考语','827ccb0eea8a706c4c34a16891f84e7b','https://office-yezi.oss-cn-beijing.aliyuncs.com/avator/avatar.jpg','afdewf',1,'河南省郑州市','294187139','19384721458','294187139@qq.com','8c857e0ab9dc40508ed71e3cd18efbf2','2020-12-30 11:11:11'),
    ('56a393abade544c79e806c0b7d129612','高彩尺','827ccb0eea8a706c4c34a16891f84e7b','https://office-yezi.oss-cn-beijing.aliyuncs.com/avator/avatar.jpg','afdewf',1,'河南省郑州市','294187139','19384721458','294187139@qq.com','8c857e0ab9dc40508ed71e3cd18efbf2','2020-12-30 11:11:11'),
    ('6e5966cb730d459db28df89858867a99','曾滤疲','827ccb0eea8a706c4c34a16891f84e7b','https://office-yezi.oss-cn-beijing.aliyuncs.com/avator/avatar.jpg','afdewf',1,'河南省郑州市','294187139','19384721458','294187139@qq.com','debdeda133ca4cdbb9ed3034ee314e32','2020-12-30 11:11:11'),
    ('c21286b9b7d147f0bf42ac8d8f26951f','狄传繁','827ccb0eea8a706c4c34a16891f84e7b','https://office-yezi.oss-cn-beijing.aliyuncs.com/avator/avatar.jpg','afdewf',1,'河南省郑州市','294187139','19384721458','294187139@qq.com','debdeda133ca4cdbb9ed3034ee314e32','2020-12-30 11:11:11'),
    ('e8f10cfc51c44370bc86de547fd872c2','通旋部','827ccb0eea8a706c4c34a16891f84e7b','https://office-yezi.oss-cn-beijing.aliyuncs.com/avator/avatar.jpg','afdewf',1,'河南省郑州市','294187139','19384721458','294187139@qq.com','debdeda133ca4cdbb9ed3034ee314e32','2020-12-30 11:11:11');

# 初始化事务信息
# 四种事务类型，一个员工每个类型各一条，共计60条
insert into office_affair
values
       ('ab0febb21d5a49c4a6d91a5ec85dcb46','bb2e34c446074ca1908f5e06ba2db27a','请假','回家过年',0,'2020-01-01 12:12:00','2020-01-02 12:12:00','24:00:00','郑州',''),
       ('d708b7af60cc4cddab928fdc9a20fd08','c2591a8bd8fe4001a34fcc8e9f8bf336','请假','回家过年',0,'2020-01-01 12:12:00','2020-01-02 12:12:00','24:00:00','郑州',''),
       ('7e6c2efb8c2f426ba5189fc00363212e','6f5570153a3944ecaa90506f2a90c4ea','请假','回家过年',0,'2020-01-01 12:12:00','2020-01-02 12:12:00','24:00:00','郑州',''),
       ('75ab4a1f8551474f8d74224cf9399eca','41b69629a6294077a71150d1a2912de3','请假','回家过年',0,'2020-01-01 12:12:00','2020-01-02 12:12:00','24:00:00','郑州',''),
       ('9f393f2c1b0d4f008a1b7ca6c3875288','4ad501ed57c24fe9aa4afe996fbe3813','请假','回家过年',0,'2020-01-01 12:12:00','2020-01-02 12:12:00','24:00:00','郑州',''),
       ('e9fca3b1532747258e4f45e3a72ff604','755349e23e2a4c2f9d91198a8a29c193','请假','回家过年',0,'2020-01-01 12:12:00','2020-01-02 12:12:00','24:00:00','郑州',''),
       ('dbc8de71f55b47ef9630db4e0b4279fb','884efda0fafa4bb8831cfcebea30bb13','请假','回家过年',0,'2020-01-01 12:12:00','2020-01-02 12:12:00','24:00:00','郑州',''),
       ('4c62b8a817c54f0c905f02227e6d091c','65bbfd96d3bc41eaa9d438252edb2b15','请假','回家过年',0,'2020-01-01 12:12:00','2020-01-02 12:12:00','24:00:00','郑州',''),
       ('984552f941594561b9c6cc3d4c325490','d5e13822383a408d8625f42c3dfdfecc','请假','回家过年',0,'2020-01-01 12:12:00','2020-01-02 12:12:00','24:00:00','郑州',''),
       ('ab5141e43cef4c6281f7e1b4121c274d','19c00a33200649a7bba7369e4382a574','请假','回家过年',0,'2020-01-01 12:12:00','2020-01-02 12:12:00','24:00:00','郑州',''),
       ('45b62ba073a246069ce23c7e424d9175','0cc70bb29e0541a7a2a261404e7adec5','请假','回家过年',0,'2020-01-01 12:12:00','2020-01-02 12:12:00','24:00:00','郑州',''),
       ('c316ca53b870426a8b5cfc5c1ddc50de','56a393abade544c79e806c0b7d129612','请假','回家过年',0,'2020-01-01 12:12:00','2020-01-02 12:12:00','24:00:00','郑州',''),
       ('a9f748890cb6495380d027e34eafe8e8','6e5966cb730d459db28df89858867a99','请假','回家过年',0,'2020-01-01 12:12:00','2020-01-02 12:12:00','24:00:00','郑州',''),
       ('76a6643b5e064775bf9476de1825d311','c21286b9b7d147f0bf42ac8d8f26951f','请假','回家过年',0,'2020-01-01 12:12:00','2020-01-02 12:12:00','24:00:00','郑州',''),
       ('37b98b0b23b94755bc9215e2c2aadd80','e8f10cfc51c44370bc86de547fd872c2','请假','回家过年',0,'2020-01-01 12:12:00','2020-01-02 12:12:00','24:00:00','郑州',''),
       ('ee833ad6cc24429aa5c81e4f6b826d27','bb2e34c446074ca1908f5e06ba2db27a','出差','公司指派任务',0,'2020-01-01 12:12:00','2020-01-02 12:12:00','24:00:00','郑州',''),
       ('03be0332b0ef44d19d7957438068225a','c2591a8bd8fe4001a34fcc8e9f8bf336','出差','公司指派任务',0,'2020-01-01 12:12:00','2020-01-02 12:12:00','24:00:00','郑州',''),
       ('9172d4f8750c4d97bccd371b4879c8f2','6f5570153a3944ecaa90506f2a90c4ea','出差','公司指派任务',0,'2020-01-01 12:12:00','2020-01-02 12:12:00','24:00:00','郑州',''),
       ('7ba1e0da69a2425c9e7f40726df743df','41b69629a6294077a71150d1a2912de3','出差','公司指派任务',0,'2020-01-01 12:12:00','2020-01-02 12:12:00','24:00:00','郑州',''),
       ('ce2b740ce27447ab84a1a2a0ac428dee','4ad501ed57c24fe9aa4afe996fbe3813','出差','公司指派任务',0,'2020-01-01 12:12:00','2020-01-02 12:12:00','24:00:00','郑州',''),
       ('22953e2737534d519ad2215214f15106','755349e23e2a4c2f9d91198a8a29c193','出差','公司指派任务',0,'2020-01-01 12:12:00','2020-01-02 12:12:00','24:00:00','郑州',''),
       ('b937a3881d094ac18f4650a969b229c8','884efda0fafa4bb8831cfcebea30bb13','出差','公司指派任务',0,'2020-01-01 12:12:00','2020-01-02 12:12:00','24:00:00','郑州',''),
       ('3025ac11c30e4f87b24a17e38d9c0c13','65bbfd96d3bc41eaa9d438252edb2b15','出差','公司指派任务',0,'2020-01-01 12:12:00','2020-01-02 12:12:00','24:00:00','郑州',''),
       ('610fdb24ea2c401f86ed44c9d2c85f4a','d5e13822383a408d8625f42c3dfdfecc','出差','公司指派任务',0,'2020-01-01 12:12:00','2020-01-02 12:12:00','24:00:00','郑州',''),
       ('4e85eed4fc684540a113332e48f13403','19c00a33200649a7bba7369e4382a574','出差','公司指派任务',0,'2020-01-01 12:12:00','2020-01-02 12:12:00','24:00:00','郑州',''),
       ('0a99e666ec734f7fac4bda1338934dd6','0cc70bb29e0541a7a2a261404e7adec5','出差','公司指派任务',0,'2020-01-01 12:12:00','2020-01-02 12:12:00','24:00:00','郑州',''),
       ('9eab996d75194464a4b72230b76a6a11','56a393abade544c79e806c0b7d129612','出差','公司指派任务',0,'2020-01-01 12:12:00','2020-01-02 12:12:00','24:00:00','郑州',''),
       ('3c62e657cbf64cb3828bde03643c8e85','6e5966cb730d459db28df89858867a99','出差','公司指派任务',0,'2020-01-01 12:12:00','2020-01-02 12:12:00','24:00:00','郑州',''),
       ('3d0803537a5c4af7b2dd41cd8d3b821e','c21286b9b7d147f0bf42ac8d8f26951f','出差','公司指派任务',0,'2020-01-01 12:12:00','2020-01-02 12:12:00','24:00:00','郑州',''),
       ('0853340dae494e47a3c6d017cb562dbd','e8f10cfc51c44370bc86de547fd872c2','出差','公司指派任务',0,'2020-01-01 12:12:00','2020-01-02 12:12:00','24:00:00','郑州',''),
       ('421bcfe29c694b6ba681f3762aa1179f','bb2e34c446074ca1908f5e06ba2db27a','报销','出差报销',0,'2020-01-01 12:12:00','2020-01-02 12:12:00','24:00:00','郑州','2000'),
       ('5b5771a33f54423686d43db2f67e3933','c2591a8bd8fe4001a34fcc8e9f8bf336','报销','出差报销',0,'2020-01-01 12:12:00','2020-01-02 12:12:00','24:00:00','郑州','2000'),
       ('3e88bc27550f415680d75fcf3aeb6399','6f5570153a3944ecaa90506f2a90c4ea','报销','出差报销',0,'2020-01-01 12:12:00','2020-01-02 12:12:00','24:00:00','郑州','2000'),
       ('2175d6a4da024dd2962e46fe755de7dd','41b69629a6294077a71150d1a2912de3','报销','出差报销',0,'2020-01-01 12:12:00','2020-01-02 12:12:00','24:00:00','郑州','2000'),
       ('13f327fc0a054269b17b568bf2e80f75','4ad501ed57c24fe9aa4afe996fbe3813','报销','出差报销',0,'2020-01-01 12:12:00','2020-01-02 12:12:00','24:00:00','郑州','2000'),
       ('a6f2766d13c947229b67e2902e0a19ca','755349e23e2a4c2f9d91198a8a29c193','报销','出差报销',0,'2020-01-01 12:12:00','2020-01-02 12:12:00','24:00:00','郑州','2000'),
       ('54d86c933cdc4ce49d44340dedbfaf04','884efda0fafa4bb8831cfcebea30bb13','报销','出差报销',0,'2020-01-01 12:12:00','2020-01-02 12:12:00','24:00:00','郑州','2000'),
       ('282b14c7f3da49b7a455d9487b817741','65bbfd96d3bc41eaa9d438252edb2b15','报销','出差报销',0,'2020-01-01 12:12:00','2020-01-02 12:12:00','24:00:00','郑州','2000'),
       ('d1c5888a6a0640808dba3c65d6df6e14','d5e13822383a408d8625f42c3dfdfecc','报销','出差报销',0,'2020-01-01 12:12:00','2020-01-02 12:12:00','24:00:00','郑州','2000'),
       ('881d5862632c45978fc8dfdb36e4cbbc','19c00a33200649a7bba7369e4382a574','报销','出差报销',0,'2020-01-01 12:12:00','2020-01-02 12:12:00','24:00:00','郑州','2000'),
       ('4637dac0e8b54cc7886f6f7389a4a104','0cc70bb29e0541a7a2a261404e7adec5','报销','出差报销',0,'2020-01-01 12:12:00','2020-01-02 12:12:00','24:00:00','郑州','2000'),
       ('310f08ed0ca84cbf8753a9b2807b4c19','56a393abade544c79e806c0b7d129612','报销','出差报销',0,'2020-01-01 12:12:00','2020-01-02 12:12:00','24:00:00','郑州','2000'),
       ('02f15a8109994507af8eaee7887277d8','6e5966cb730d459db28df89858867a99','报销','出差报销',0,'2020-01-01 12:12:00','2020-01-02 12:12:00','24:00:00','郑州','2000'),
       ('f413159139674561aa84f6f0b04387d9','c21286b9b7d147f0bf42ac8d8f26951f','报销','出差报销',0,'2020-01-01 12:12:00','2020-01-02 12:12:00','24:00:00','郑州','2000'),
       ('bf927febf5cf41d8b242c816b20d725d','e8f10cfc51c44370bc86de547fd872c2','报销','出差报销',0,'2020-01-01 12:12:00','2020-01-02 12:12:00','24:00:00','郑州','2000'),
       ('3a15afa0308a4254bf1078a0167a28aa','bb2e34c446074ca1908f5e06ba2db27a','会议室申请','每周例会',0,'2020-01-01 12:12:00','2020-01-02 12:12:00','24:00:00','郑州',''),
       ('b80d40c9edf949949908496958a93b20','c2591a8bd8fe4001a34fcc8e9f8bf336','会议室申请','每周例会',0,'2020-01-01 12:12:00','2020-01-02 12:12:00','24:00:00','郑州',''),
       ('362cc0a5737a43ab8a3f93ee0a152558','6f5570153a3944ecaa90506f2a90c4ea','会议室申请','每周例会',0,'2020-01-01 12:12:00','2020-01-02 12:12:00','24:00:00','郑州',''),
       ('f481707ce8384e29a704f01ca9733e35','41b69629a6294077a71150d1a2912de3','会议室申请','每周例会',0,'2020-01-01 12:12:00','2020-01-02 12:12:00','24:00:00','郑州',''),
       ('f5663fedce4e408f92ad92eaeb5703fa','4ad501ed57c24fe9aa4afe996fbe3813','会议室申请','每周例会',0,'2020-01-01 12:12:00','2020-01-02 12:12:00','24:00:00','郑州',''),
       ('fba9e3d906174616b4d4ed9621f1a210','755349e23e2a4c2f9d91198a8a29c193','会议室申请','每周例会',0,'2020-01-01 12:12:00','2020-01-02 12:12:00','24:00:00','郑州',''),
       ('bb1a71abb21f4645b9761705b66b2356','884efda0fafa4bb8831cfcebea30bb13','会议室申请','每周例会',0,'2020-01-01 12:12:00','2020-01-02 12:12:00','24:00:00','郑州',''),
       ('200680d78f934e0ea7cef6d42e4461db','65bbfd96d3bc41eaa9d438252edb2b15','会议室申请','每周例会',0,'2020-01-01 12:12:00','2020-01-02 12:12:00','24:00:00','郑州',''),
       ('007a03b9b4104358b404a2f93d9e5e15','d5e13822383a408d8625f42c3dfdfecc','会议室申请','每周例会',0,'2020-01-01 12:12:00','2020-01-02 12:12:00','24:00:00','郑州',''),
       ('11eaf0c3a5b54ebf8f5413da17e0a13e','19c00a33200649a7bba7369e4382a574','会议室申请','每周例会',0,'2020-01-01 12:12:00','2020-01-02 12:12:00','24:00:00','郑州',''),
       ('4400f51670b74b4d80064e7ff06315e1','0cc70bb29e0541a7a2a261404e7adec5','会议室申请','每周例会',0,'2020-01-01 12:12:00','2020-01-02 12:12:00','24:00:00','郑州',''),
       ('74f2a9d50afd481b9c0769c24c844864','56a393abade544c79e806c0b7d129612','会议室申请','每周例会',0,'2020-01-01 12:12:00','2020-01-02 12:12:00','24:00:00','郑州',''),
       ('c3853ba65eb640f3bab844ab8a0715e5','6e5966cb730d459db28df89858867a99','会议室申请','每周例会',0,'2020-01-01 12:12:00','2020-01-02 12:12:00','24:00:00','郑州',''),
       ('0f58ab5e8f604fa1bc29ef88955e852b','c21286b9b7d147f0bf42ac8d8f26951f','会议室申请','每周例会',0,'2020-01-01 12:12:00','2020-01-02 12:12:00','24:00:00','郑州',''),
       ('c5a693432c8048e3a318c5b7d1703d04','e8f10cfc51c44370bc86de547fd872c2','会议室申请','每周例会',0,'2020-01-01 12:12:00','2020-01-02 12:12:00','24:00:00','郑州','');


# 初始化权限管理模块信息

## 1. 初始化菜单信息

insert into menu
values
       ('ecb2af8eaefc45bbbe2fc57b74018ad1',null,'el-icon-lx-home','/dashboard','系统首页',1), # 系统首页
       ('ca1677520ac1414eaa70e8720abc467e',null,'el-icon-lx-home','3','用户管理',1), # 用户管理
       ('f046552a5c604abcb20c2af8dbd3905e','ca1677520ac1414eaa70e8720abc467e','el-icon-lx-home','/userCtrl','用户列表',1), # 用户列表
       ('b546fb08b38e4c42b0366d528a6fa58a','ca1677520ac1414eaa70e8720abc467e','el-icon-lx-home','/userInfo','用户注册',1), # 用户注册
       ('5cbb86814f0447c1906de7dcd01777d4',null,'el-icon-lx-home','/depart','部门列表',1), # 部门列表
       ('00cf795c0e9048259eb68612d48c93dc',null,'el-icon-lx-home','/affair','事务审批',1), # 事务审批
       ('da5d0a69a64a40e48b8a3567b60e56b8',null,'el-icon-lx-home','/bulletinList','公告管理',1), # 公告管理
       ('06177d81e4de42e1bf3101f3b8a45721',null,'el-icon-lx-home','/affairAdd','事务申请',1); # 事务申请

## 2. 初始化角色信息

insert into role
values
       ('33c2da41f6ec46459cf0f4c41d32c4e3','超级管理员',1,'2021-01-05 21:00:00','admin'),
       ('3beec2d1fd764b5b97517d81578a6ad2','普通用户',1,'2021-01-05 21:00:00','user');

## 3. 初始化角色菜单信息
### 超级管理员控制全部菜单,普通用户暂时设定为只有 系统首页 和 部门列表
insert into role_menu
values
       ('9dcc2bfc6b4b42978e087cd3cebbcb83','33c2da41f6ec46459cf0f4c41d32c4e3','ecb2af8eaefc45bbbe2fc57b74018ad1',1),
       ('f11df8ecb5ae40b78ccc2698d4fe1be5','33c2da41f6ec46459cf0f4c41d32c4e3','ca1677520ac1414eaa70e8720abc467e',1),
       ('c8633bd9421e4eb3a365f1be2786aa92','33c2da41f6ec46459cf0f4c41d32c4e3','f046552a5c604abcb20c2af8dbd3905e',1),
       ('0a4e561636284e03aed5675d171bc73c','33c2da41f6ec46459cf0f4c41d32c4e3','b546fb08b38e4c42b0366d528a6fa58a',1),
       ('11d91d1fc2ba468997cbed3250e07153','33c2da41f6ec46459cf0f4c41d32c4e3','5cbb86814f0447c1906de7dcd01777d4',1),
       ('9cf5281cd82e4b3fb09f61c0d1541760','33c2da41f6ec46459cf0f4c41d32c4e3','00cf795c0e9048259eb68612d48c93dc',1),
       ('c08db047f21943f0b5e2502aff3bbeec','33c2da41f6ec46459cf0f4c41d32c4e3','da5d0a69a64a40e48b8a3567b60e56b8',1),
       ('4e4a7b6e2a7845baa4fed877d209b5dc','33c2da41f6ec46459cf0f4c41d32c4e3','06177d81e4de42e1bf3101f3b8a45721',1),
       ('7b9ce1112ff24a4da72878914f724979','3beec2d1fd764b5b97517d81578a6ad2','ecb2af8eaefc45bbbe2fc57b74018ad1',1),
       ('7978ee8531d44735803d6d3814505905','3beec2d1fd764b5b97517d81578a6ad2','5cbb86814f0447c1906de7dcd01777d4',1);

## 3. 初始化用户角色信息, 全考语 为超级管理员
insert into user_role
values
       ('f886c63636a946efba4ba4b033577f1b','0cc70bb29e0541a7a2a261404e7adec5','33c2da41f6ec46459cf0f4c41d32c4e3',1,'2021-01-05 21:00:00'),
       ('33074f9fb77743d1bc9773d389c63849','bb2e34c446074ca1908f5e06ba2db27a','3beec2d1fd764b5b97517d81578a6ad2',1,'2021-01-05 21:00:00'),
       ('874c8ae36bab4416a7723cfcf9a487cc','c2591a8bd8fe4001a34fcc8e9f8bf336','3beec2d1fd764b5b97517d81578a6ad2',1,'2021-01-05 21:00:00'),
       ('51bf20c5c3cb4dccb2e146e96ea773cb','6f5570153a3944ecaa90506f2a90c4ea','3beec2d1fd764b5b97517d81578a6ad2',1,'2021-01-05 21:00:00'),
       ('b3b6d99b94ec4b05b51bbf01d12b0cc8','41b69629a6294077a71150d1a2912de3','3beec2d1fd764b5b97517d81578a6ad2',1,'2021-01-05 21:00:00'),
       ('34ff3a1a9c4141a9928e1716414f7c9c','4ad501ed57c24fe9aa4afe996fbe3813','3beec2d1fd764b5b97517d81578a6ad2',1,'2021-01-05 21:00:00'),
       ('026b3e4982734663a16876745316c073','755349e23e2a4c2f9d91198a8a29c193','3beec2d1fd764b5b97517d81578a6ad2',1,'2021-01-05 21:00:00'),
       ('e4e468b67962449a9aca7eb6a8e4f5de','884efda0fafa4bb8831cfcebea30bb13','3beec2d1fd764b5b97517d81578a6ad2',1,'2021-01-05 21:00:00'),
       ('257e373090ea4efead07535ebe3c9596','65bbfd96d3bc41eaa9d438252edb2b15','3beec2d1fd764b5b97517d81578a6ad2',1,'2021-01-05 21:00:00'),
       ('b6630232be524cc5b6a17cf44d67f1a8','d5e13822383a408d8625f42c3dfdfecc','3beec2d1fd764b5b97517d81578a6ad2',1,'2021-01-05 21:00:00'),
       ('f3c7c0b99f92455db6ec81e01bebf894','19c00a33200649a7bba7369e4382a574','3beec2d1fd764b5b97517d81578a6ad2',1,'2021-01-05 21:00:00'),
       ('7998b102a1e040b3b1b13231f6efb81a','56a393abade544c79e806c0b7d129612','3beec2d1fd764b5b97517d81578a6ad2',1,'2021-01-05 21:00:00'),
       ('998e8e741eae48328054ab307741a8a8','6e5966cb730d459db28df89858867a99','3beec2d1fd764b5b97517d81578a6ad2',1,'2021-01-05 21:00:00'),
       ('84bcd8b1051348cebc78c0c3b8ebc255','c21286b9b7d147f0bf42ac8d8f26951f','3beec2d1fd764b5b97517d81578a6ad2',1,'2021-01-05 21:00:00'),
       ('d9c19fa5837548ceab53fd4628b3786b','e8f10cfc51c44370bc86de547fd872c2','3beec2d1fd764b5b97517d81578a6ad2',1,'2021-01-05 21:00:00');


























































